{
  "look_back": 24,
  "horizon": 6,
  "features": [
    "pm25",
    "temp",
    "humidity",
    "hour_sin",
    "hour_cos",
    "pm25_ma6"
  ],
  "scaler_min": [
    0.0,
    18.95855017303021,
    48.02937537566402,
    -1.0,
    -1.0,
    0.0
  ],
  "scaler_max": [
    99.0220308352671,
    30.751678514531577,
    88.61897610950264,
    1.0,
    1.0,
    42.329791331869444
  ],
  "pm25_min": 0.0,
  "pm25_max": 99.0220308352671,
  "overall_mae_ugm3": 4.309293270111084,
  "tf_version": "2.21.0"
}